DLQCvfoWnA>lc)s+3ij0BEbd,.:M*?W{$8PQB^6sVY@!58A2%&8!f5?2DXQ"xBEl9o>'h+.741562000.124113.2457441.~jC+
zBtxszXRjWsV:6/Tp`n^I3iH8vi!k%1%LOIUHimmtalR>{MKYqa(A)[7x]|^#\E/x>-b}.958850000.334015.2457441.BeC\2
KZVpjnGMwzz>>r8/J4_`4}@]n5a)2+2F^p#Fm"4b{Pz3E;E6JEFez!T"c)trs?\Xp~e,uL.792866000.113223.2459606.rFeZ
tWbydkNTTaOy8B7!t1IfRNs;2${prKIIQjNBB$m<P^+kY^}5,x!c7/+'NNlJ.bmu<~<ZF&.318647000.002917.2459570.>EpU
MEgwZFGzIAmSJ35z2lH{{PCG"MG#n:-V!B*WV|Z3b@kEZ~36Ag9X__!8T#|<E8T1Cx,!0p.533221000.200507.2459571./t.4
dPBGMJmmeB3U8JF$Nv|~z:kG_jXL!2Zcn^Ajh32[?).$^d>h]jQ?;S-6([X8CAIGbT@"]X.226268000.530907.2459571.`n,#
ASrrvycqSwj({a&^Lk)MihpBXLf*U!pbtx=I=7MR/rV*nAz[t^Op\%'YmVxL|DP6r)Q:xS.413277000.011709.2459571.1[_`
mjfzerBbGnGL*5\[,+1`)zEf_=`trlQwp1,~sq1T.g#pmu_8Cd!dG?:F}:sK]TK|zTK~'m.046551000.261412.2459571.0;r4
HnHphtamAv>;$I<X]"6?:`J}/CAYDn8y^.ntN;uH,xGK?Xc&P-ld'YZ>-OE!aha^&-1Rd2.060650000.032212.2459571.!iz^
VpnCdSLwgaYg|(Q-t)9vH|p4H@`XSEo&aTFW1XU5+Or]"Oe&DyJ\F)[5*e.t[ha3..U9+.314260000.024212.2459571.b+4ij
HdxCEMXFCby{k#"/GbAGPh(xD+K.8M5c5fuBE:zG]{ir%Nj>>w[>vAQW'O7Px?hhaq.H=.426406000.324115.2459577.*nA>1
rUKErWfEVlrSzq=Gnay>t*>~%;=/taTMTb[4h-lD&SI-@WRh".60?PVu_Q8d,.V{GOhc*.626181000.523612.2459646.lu6DL
tzLnOzBURBEi5caCG{Dd1-$6]7-6]L^X$fU7Ws"BUPsbP*BUkc,~SZNQ5B~wJa~Cj{!lWc.734412000.322613.2459571.f|L8
rKwuIvbSvqUuo.Cg5%.VFv`Tlz>G#Xuk2sKZ1{XTdBB=Do$~krf4Jk,[.8>2PG.*a"Q!*|.787809000.034813.2459571.<yHP
AuokAJNmCCHM>Zl]T7#4.Hy)B5+K?,wRbjAV#;]P[)H~3vb`Zn/bGY<B*t/?>19foj%AuJ.508809000.090815.2459571./0@K
qaaLuFooZGN0'rW|#O'\la3.>/$>2}iS&JP_OlrNny'\FP*:v3wM;}c-_SS()S>TV~oV_J.545948000.263812.2459646.LrI/
ndrfegMIvCL9`dV-g$5@;j!.KKW{_D[2#h6i""*|0HzE"Fff*\{Kz(y3!HU8~rBymc#bf`.889212000.110016.2459571.*wM1
vvjjuLzXoLs2S>bMvbqi6EVr4?\O/tLEv4GYVdAk~O<[|B4V^J;2$x#,6?1$)Lp`I<l*$%.575178000.180116.2459571.9v3/
sojfgnOfUn{Lj&q'gE]^XBF8taEq6h"!O}}D*gT%3[S;1IiTz%/FG/khK'KrR=ZtgyqtmF.364636000.320216.2459571.-{!1
doyTSuNgpf+`PXM8JF8ejr_/awB';S:JqpY3]xq-+Jlei&vo1':;]jeMsfH0lv7K{:d7G.850114000.440216.2459571.+XQJ&
gIYAjzYnIzT>K&Os_Y]n)%0P<'yFpc>EgxU~P\#AeVl4;W_Y]tQt{Mw7GGRbk.vNtKV,.236522000.502416.2459571.v"@4[=
VScJBBaETPK@:hr7;($[uWbMcW@>slLHhF~^_s*pv&qgSdzM>x*jyLa+ytNvo|Q-bJy\|.510485000.283216.2459571.(2.uC
KLJYplzgOF$|g\-hm2rP3_t@+*z$U[d[5Y{6/s#J?T@/2d.p|y}O6X??-QAAb8Nc4vQ1.111522000.343316.2459571.4-g4PB
wYWCUqhLEObF'O$H+nTN3q?m+!}A/}:h>`K}46C$]Wz;PjfU\#'JF/=$OGFUlw}G{.D<eH.821565000.413616.2459571.LiFO
qynUaBcybZJmlVF+{hK*";r8H--Lw4=}*v\?Ul9"X:*>!,#aPuCk}J~7*vqH6pz]F(-CC_.814821000.210222.2459571..U$U
uttXiAqnqgu),(<Sm6'zt}~9.=\=!&-kku"/DJTev"0l"R.MnYetXvW$0Oha'{UYRx9QSq.623060000.350322.2459571.:d88
MGVuNLpODnYMBm^*\5xuIngeHsMSZ1(lvS@2X@KeKdY0j_vDwUF:x{U:Cko|Cr_-mUG~.942107000.080422.2459571.VBa]OZ
VCtgEbnFBbEF!eODr`PDA*[c0RXXV.Y#.Vn20<H>1,D+t(|X}V5{j0nVXK3^aB.0*5Y2#w.305083000.404015.2459577.c%mu
zRScYKcYIg09wRYYk*R?v$8h/%E,V~/jKHK9'OlYrJO93t<Xuk9&X[g.Ef`$2c8[%[R~#F.864280000.323612.2459646.4_T"
CtDdRYjEKQGQ2$-AH<=B{0JhKyCrmr<_,|,oY8\Ll>O8Kk^Mi#BD"*PlIH.?}g?;TAl=j.790594000.493612.2459646.Au)\r
WxjFDdSUJl9|U;3k!(Y<_qlM)9?l'%v0y`F9Hn#\%:QiP+j'B!C*>~Q4!v-Z9V+E_6}*7.871354000.363812.2459646.H'C,&
wZOKIqbhyE^~8PZU#9aCRF>*jY\aqVE|-p_CkhtR=Mfdf'/'Qr8M&1Vd)vt"Ex[*y?B$:O.586389000.262311.2459578.)AfH
refICoseuLN-="^V\6q{tk8_B]Ux=lO&kk~{U91`|kG()Ya,O`?b3NH27/)AXA]aM*r;p.460182000.562311.2459578.7Z"9$
hmWDnOMscoxuyI%sJEcY@R=+h8H8Wd'(sjc[/4@:_T_=-GrY!cgHzU2G!r>A~>zHV]Q*]E.500856000.065011.2459578./*yC
oYEuCDCKFB&<J7^fa0je,!5FklpT6"9sGym7uzd2;xCYH<?+[;M5hoU:xJ;&&M|I!+b-Y.068944000.443812.2459646.KtKd*
hnLiRwyKIx0^+',iZc0*_H8Tfm\'I5.<zUq]BHLWT4!MUXW[:I@?`@1DVpfj/,O*P#<NPX.297581000.564513.2459585.B0w1
MbetCVTtMT;,F+m#nk)%/{t.f'D~%DQ56PaL^9_eVd(#9s46^7~OFYD9_8#LgELYlnsj'.097727000.263109.2459646.`hFQ1
lESfhkCWLR\;O>hnA{J}6Its]5P74I*U3-w(&#`7h(WVg|VJsvG`zDJC=spr-/HNTCUAI.858229000.283812.2459646.&*%"U
