pSZJfayYkgX%xD~HY'Xs'u;sg~Zj4[Fx1J]qqQ(k[9*`'Hm`w>">,liTA*{m,BEt'6wju'.874479000.543109.2459620.45@c
jaMqoIcDSpgWPZ0y}7I$hO,QNKGs,fZc<#$u<uL331sy(!%s6Rs%6)0|]avv/j_nlNmQ].630138000.330010.2459619..2H=}
HCZoIWhRyLnMCbcb(pDDBNHtl6MZUpGS$R#G3!^t,3%p77V&EGmt##qe8iMgQ:BQkve.607640000.123810.2459621.A}|WJpY
HpxtjsHBFI`7Wz?Fj]t7mWx<v;)?6?yTwp=mp{k{}|5FT?Q5jP9jeT/$'$4w1'W#!}%Hw+.156391000.133710.2459621.CiZ+
PJBfmoNyBhEux*1bL/zT3Tk[@E0DO[~=Zcl;W=HHcIoR*QE^7sDd)>\V3~6E9:#8*c4bN.151067000.040718.2459620.+urED
fDVpOzfSSBv.Oy`S~/VRr|O4aRq'aQl8<3k|-,:##47HmO*|{yr`mWZhy^C`,/Y>+zL'm.669479000.542516.2458277.m"3jj
xIOHgxvLed/5\OA2Pc;D]]59-llyc>Ypv3^irVhti^0W\i<uLlm&sL5<'zU^6oILB_~O'.916862000.094310.2459621.*';CL
qUwODhiomd.!+bcif6q1Y@#d&4k&U$_oh@yYHPV#>F:*Nh'o5S/13LtZd@\a?[g>N{d+5.218044000.134210.2459621.@iT8L
VNbfltrXufOu!~(jy<e|":m|/0H3(;>y=<7Fxhi4z=ffrCb$r2+C;gDHc"xz,jovl.Fzg.323635000.405816.2459620.q~uZL
cZoFfOFamv+$$hMw;"p3MOlsyV@g2wOv'=)0,E4(u]~K,a=ui}xaq(^O&*pl2ZGm6541/a.607156000.283220.2459620.1`p^
uNmktncEVrux!BA7gd>O@&D-4ucmC\Si==bsc\ESdG-,GUEXWEi`P9E*/KQ7F(qe-Xmd~g.947527000.463509.2459620.kM,K
SPahxkymPP$:Gva$^s+^l>N$<m<H'VWnBKy^vv9^)r.@-_(yWzbEvY5]+l%#9UV^g~y?n{.097699000.392310.2457483.cgg:
DBgHKcbLda>OS+AzWnnl*F`=rY,ApB;TPQ^Y\s?hDfEUXcg8?5KY+mCt79TEsO*!p/.\.743454000.062020.2459620.`c{U4C
Q>^_<H6%`Z-tA4EC[~I*n,=n_9sVcP$DT3aq-3_<oTP%F9;JPC3wS%h1XR7 y:I6nofOG&`LSz/6EX90\'O7VmU.fyq'M*R_D8Tn
WANEsItpVl,o9Elbs|]N\{r1Ud!Th3hA^=gL~4~0_N2vOkJrGJc8qrx~e:]ZB[-&#t<9YkrSKoF,h=%|0elZ'a@EXE'Bp,7bDO1*
itQbOhisxC_]a8rNN6%x0v4R/8<iO)P7wn?bDkw$kbb4_rP?=6EAmOo-Z<jf0)sr~@&$s.428586000.354120.2459619.FR#g\
YMfkQmPolI`SMfy$9`cIq'oT;iv0Nnl.KU`#K.(#D7~fGISG'1P*/_+iQslU)w0dBVxt".937922000.513013.2459618.(]xc1
ujTdOIadOw=pjnWH$Ag'8{3oB(eQ9xeMo^gXLZY0J'z3F>h]khEKV:*8h*(T(7%*W&J8I2.536299000.561612.2459290.YOHb
BkildZybjLMvY[)C&^MM$Nv9D7XM4#bm5a{]dH&dw,dYuA>P<JC%0jFy94jQ`@vuIU?%/.587706000.310016.2459620.(~jN3
ntztFdAAVTEWzDK&DA5^L_tX|%M#^Xwa:IMpm^kCx.AH`PbA97i&mCGdxMvh.xaamrHi$7.837738000.170709.2458831.J=OW
XkdRFVkqow1Juas7PA2K*(0@)6mR<lA"T$]w\%$@>cGhQC#,za?[5jTyCrF4%o?}oCSgw.037942000.464514.2458445.7p`ur
